"","slope","sigma","lp__","iter"
"1",0.455906947989411,0.477166293234092,-93.7986294733218,1
"2",0.465145260379562,0.537131916469168,-94.6925459722296,2
"3",0.468667299208554,0.429673974097716,-97.1206702489767,3
"4",0.461228981337302,0.53795590617612,-94.5729334315804,4
"5",0.4432386110905,0.560001405902575,-95.8041759395639,5
"6",0.47277773180438,0.492984048654653,-94.5171976699587,6
"7",0.476005430865963,0.44913539804474,-96.4151709046373,7
"8",0.4478388944674,0.491038309094249,-93.8035149621885,8
"9",0.467524369020266,0.446529840317877,-95.6007375859192,9
"10",0.433318459972371,0.475778744008196,-95.3561183401914,10
"11",0.458082026341686,0.493944370243431,-93.650185011782,11
"12",0.454352754775338,0.532989827068839,-94.318340101342,12
"13",0.449504226405547,0.482081227238367,-93.8196731691627,13
"14",0.431682857222237,0.489396281225244,-95.3139464973633,14
"15",0.455215313750836,0.47693987721285,-93.8023277932816,15
"16",0.448115114042776,0.447395370992185,-95.1970292948396,16
"17",0.469727343765935,0.46655026914169,-94.7608422901115,17
"18",0.439361344532722,0.547835742930533,-95.5059230340238,18
"19",0.452019873575818,0.474693136275808,-93.8863133878667,19
"20",0.482658882812165,0.465457059494003,-96.5759481626784,20
"21",0.457069305637701,0.503423911539235,-93.6767759208757,21
"22",0.464123015310952,0.457989721130843,-94.6911070883605,22
"23",0.436623575629157,0.492535598644787,-94.6649348707047,23
"24",0.48927588319912,0.477058477964236,-97.4016081972884,24
"25",0.45832398111364,0.564430673174071,-95.7101534711861,25
"26",0.475539443953035,0.495358329450572,-94.8085071673648,26
"27",0.469186869304913,0.478386829238748,-94.3693021246777,27
"28",0.453364029399535,0.48449344714236,-93.6961443799251,28
"29",0.461196625289688,0.517322393207509,-93.9706987421977,29
"30",0.462319155478098,0.444934912195933,-95.3511770850614,30
"31",0.437350142729628,0.438643298670125,-96.8328904576123,31
"32",0.423619713179575,0.502824019189293,-96.5109649637507,32
"33",0.461447424790138,0.469411327800115,-94.1120106444479,33
"34",0.465843215011409,0.477073880545779,-94.1436078585329,34
"35",0.464456044022656,0.499751751546543,-93.8770182869089,35
"36",0.446131210287862,0.457569402280865,-94.7365667618317,36
"37",0.481774189689829,0.494443079583899,-95.6585814939719,37
"38",0.464820959115003,0.475432523084029,-94.1166093861082,38
"39",0.483313204715057,0.564214893394942,-97.4130858178924,39
"40",0.473941326378174,0.523090584040252,-94.9116181268741,40
"41",0.474280969427655,0.471921362879663,-95.0666673905851,41
"42",0.453886252882334,0.45606326380777,-94.5285387327971,42
"43",0.452051987390467,0.465686176024874,-94.1492990010724,43
"44",0.461737376894772,0.539583113186063,-94.648578242611,44
"45",0.473301740602712,0.501651142957552,-94.5624581849009,45
"46",0.450091155280804,0.520454585474158,-94.0280145591432,46
"47",0.461605937927522,0.522092985285059,-94.0932365964077,47
"48",0.451673513468462,0.496607086009408,-93.6708767253048,48
"49",0.445357235206956,0.477027970058762,-94.1138877070567,49
"50",0.47515919798344,0.492956412984412,-94.7769386515728,50
"51",0.457376236706848,0.511299315032162,-93.7788773441617,51
"52",0.433482492278525,0.487045478403269,-95.0993060717293,52
"53",0.491347635538994,0.438236638768813,-100.490833882697,53
"54",0.474906890129277,0.475196770147154,-95.0456375306788,54
"55",0.468997437495814,0.463531611106562,-94.8116434088453,55
"56",0.447556062360369,0.437157076942368,-95.9829317478978,56
"57",0.479663521234283,0.539439391095965,-95.9817138442955,57
"58",0.477037300527012,0.536271377805561,-95.58405069003,58
"59",0.44482466222368,0.526550772445792,-94.4038087384936,59
"60",0.472809327163929,0.482239242441335,-94.6441965246306,60
"61",0.466550254444874,0.482839708272548,-94.0860995413016,61
"62",0.455336115863801,0.472023805482522,-93.9175597865123,62
"63",0.481321427748424,0.477661979594449,-95.8928390295867,63
"64",0.486712306771903,0.469735820743361,-97.158673663884,64
"65",0.474482888210679,0.46570914486181,-95.3163814120424,65
"66",0.459261152038176,0.49043877685998,-93.6824181432075,66
"67",0.464933647093806,0.561552894732953,-95.7433343349135,67
"68",0.455681545869389,0.529401208799755,-94.1996155689352,68
"69",0.459249364811965,0.492138441442168,-93.6758379771435,69
"70",0.448957861106289,0.517894814919403,-94.0053959013847,70
"71",0.462214902052483,0.497659970417034,-93.7677487434869,71
"72",0.460349153370479,0.459905861824697,-94.426681440777,72
"73",0.432005024413569,0.547021197209696,-96.1660033275015,73
"74",0.42467994532683,0.463761954769942,-97.2994809510496,74
"75",0.447770282437316,0.511925639776185,-93.9376066405038,75
"76",0.459250815296379,0.494025019414474,-93.67251876219,76
"77",0.459695222024649,0.472978362579248,-93.9527302562842,77
"78",0.465250176358383,0.501981860365778,-93.9315893625206,78
"79",0.473143398925299,0.492340007765224,-94.5587087249183,79
"80",0.441747252540143,0.522823826406496,-94.500524447438,80
"81",0.452000360853616,0.476972443979837,-93.8369738238163,81
"82",0.451672105777906,0.444506916358317,-95.2517626549798,82
"83",0.444868712904073,0.516032069459349,-94.1529782640082,83
"84",0.479640803951259,0.476705311572706,-95.6558599298074,84
"85",0.465212067003601,0.491876043199641,-93.9171613553967,85
"86",0.459282821067811,0.484842643251453,-93.7264423866221,86
"87",0.447173823109209,0.46491933271473,-94.3612275235206,87
"88",0.449702288788422,0.523555808983849,-94.1167928525871,88
"89",0.447910211846713,0.511639484876705,-93.9272297461409,89
"90",0.464109317193624,0.497422794213431,-93.8519619367777,90
"91",0.468210394747478,0.474617826138668,-94.3754793812399,91
"92",0.463055204989853,0.558348025129296,-95.5107024938845,92
"93",0.450357646892358,0.545951971414798,-94.8710308304484,93
"94",0.455339533080201,0.580759459310038,-96.624649139587,94
"95",0.430707511348112,0.48077691777854,-95.6083314553944,95
"96",0.464213534569253,0.466244382679002,-94.35200721234,96
"97",0.458638368411486,0.540772836880409,-94.6225653205782,97
"98",0.476971971840567,0.47849604519693,-95.225604752151,98
"99",0.440940078100718,0.455052308776094,-95.2849261009823,99
"100",0.444654548886665,0.489464309228854,-93.9848090587333,100
"101",0.478324429901227,0.47345450517172,-95.5580095427118,101
"102",0.438559676076251,0.480963332660268,-94.6008890053622,102
"103",0.475428296660654,0.555257013774862,-96.1485045707911,103
"104",0.447095486741795,0.479504854357106,-93.9662247970844,104
"105",0.473178100326142,0.472474339606239,-94.9198875382804,105
"106",0.440829634621423,0.422372448037433,-98.0320628041454,106
"107",0.441902325270787,0.450442311369993,-95.4582268489318,107
"108",0.453461685765383,0.524062097686718,-94.055011413992,108
"109",0.454676927388638,0.48999202050209,-93.6413575090174,109
"110",0.44730194354073,0.463808627869465,-94.3966510312336,110
"111",0.473367710614512,0.510572189900736,-94.6383147760277,111
"112",0.470914388384855,0.436857455703451,-96.6936601771476,112
"113",0.47235766044514,0.448787611126109,-95.9520288093512,113
"114",0.47149313190047,0.452238307371295,-95.6336651805148,114
"115",0.458110925661481,0.471677103243897,-93.9512447240713,115
"116",0.459365924252612,0.543540446509629,-94.7450324367066,116
"117",0.481502333418131,0.491959069770408,-95.6412396479806,117
"118",0.431642019336269,0.512615577700198,-95.3234746123752,118
"119",0.443685025426639,0.455183176510309,-95.0320534842119,119
"120",0.447701974535537,0.451425605547699,-94.9718896090244,120
"121",0.432460532094203,0.526040219422118,-95.4594650071807,121
"122",0.464677170987392,0.494255687759849,-93.8806249004044,122
"123",0.46439632426232,0.488195136671274,-93.8937476181229,123
"124",0.457164552357116,0.496275125157123,-93.6394202114885,124
"125",0.473826672053448,0.441650273655007,-96.6603890280253,125
"126",0.45047981090566,0.508966134747201,-93.7998191050847,126
"127",0.442361658889829,0.535724666137436,-94.8354751878191,127
"128",0.446386009560315,0.431322129326681,-96.5770753673552,128
"129",0.455221465015476,0.472292353044204,-93.9105044558153,129
"130",0.436146022699034,0.485166853825396,-94.7959468905954,130
"131",0.443327191365337,0.469194616988473,-94.4662117601643,131
"132",0.462367424263059,0.481824123450499,-93.8682631169557,132
"133",0.45636788764365,0.536217846822198,-94.4295323539487,133
"134",0.468113126349568,0.590960335263965,-97.5914121893479,134
"135",0.422769576812667,0.507247441809066,-96.6607847015316,135
"136",0.468079971579744,0.506842349294539,-94.1506977851204,136
"137",0.478000838286425,0.542159172856379,-95.884410197335,137
"138",0.447428156997291,0.485233542247845,-93.8670289704364,138
"139",0.453045134008643,0.513437811535264,-93.8202834264149,139
"140",0.472250435161513,0.528484089475761,-94.892526692479,140
"141",0.46830508889096,0.579629991456271,-96.9024306439365,141
"142",0.471188345471823,0.549823013876625,-95.5591962660703,142
"143",0.4535281707734,0.513355709424319,-93.8132388174216,143
"144",0.446505823500716,0.530972948476759,-94.4510682890144,144
"145",0.449405485049834,0.474311862258825,-93.9722092280901,145
"146",0.464772325324983,0.468011182043984,-94.3243219322246,146
"147",0.450666480098146,0.527469830612783,-94.1994059300363,147
"148",0.460412133426623,0.509368183911283,-93.8074478366701,148
"149",0.433575056579025,0.479365277429956,-95.2291692171048,149
"150",0.44465748660437,0.485896498696429,-94.016074417922,150
"151",0.443520023044673,0.512929633618799,-94.1793444737308,151
"152",0.442679094426746,0.486977749936835,-94.1442270454156,152
"153",0.449340642828875,0.513615178608126,-93.9080535138292,153
"154",0.447286814142149,0.467581148757497,-94.261018148667,154
"155",0.469765687335963,0.512644594490486,-94.3495135033399,155
"156",0.463606981449417,0.528428793857735,-94.3399512091923,156
"157",0.491938976883761,0.51531766214414,-97.4201798476484,157
"158",0.460929004363712,0.46095202906011,-94.4019102382048,158
"159",0.454980979628525,0.510382274677327,-93.7543745281686,159
"160",0.431129109824651,0.511902613123703,-95.382473232505,160
"161",0.479640803951259,0.476705311572706,-95.6558599298074,161
"162",0.447982385653569,0.466108003249224,-94.2767116070201,162
"163",0.450284186925551,0.568078505817732,-95.9494164642735,163
"164",0.471427643432043,0.514896958603038,-94.5214248614333,164
"165",0.445318438973486,0.494667344183471,-93.9240491766023,165
"166",0.48088200988725,0.479689372039294,-95.7677867812092,166
"167",0.463332094952691,0.528541194132672,-94.33201235713,167
"168",0.461214187266443,0.459110835385612,-94.4941351484261,168
"169",0.440481565274724,0.514298419755276,-94.4221534471976,169
"170",0.454735578379202,0.50390449169195,-93.674592826238,170
"171",0.458607188334874,0.45683481194981,-94.5201842623404,171
"172",0.458618879604561,0.497324382122611,-93.6627735589072,172
"173",0.474280969427655,0.471921362879663,-95.0666673905851,173
"174",0.46276006263495,0.533083020570907,-94.4525723698717,174
"175",0.461456761638181,0.513143038906168,-93.8985601344927,175
"176",0.448972845129628,0.502444675007945,-93.7772561240918,176
"177",0.458607188334874,0.45683481194981,-94.5201842623404,177
"178",0.468471326922725,0.556018911981649,-95.6543884393833,178
"179",0.45322310185799,0.498819167371557,-93.6516822747946,179
"180",0.471243613181741,0.54972029468021,-95.5589395748628,180
"181",0.444790507196513,0.496135450103954,-93.9553328620804,181
"182",0.448257145754928,0.475686570286307,-93.9875462022307,182
"183",0.451375430339983,0.496761386476537,-93.6778555253116,183
"184",0.467784696811417,0.488814767276639,-94.1055355441,184
"185",0.469683647587081,0.50354981854747,-94.2434794028696,185
"186",0.462385275942664,0.486357766609133,-93.813210417825,186
"187",0.464946457217627,0.511106398773584,-94.0132490465825,187
"188",0.473612429337624,0.491809146484754,-94.6119362645512,188
"189",0.483727021024215,0.512863095419419,-95.9667671003762,189
"190",0.454253273549793,0.495909128135799,-93.6334552891246,190
"191",0.444230142375698,0.485331551826356,-94.0506561779182,191
"192",0.44114294591171,0.53020556259548,-94.7431543733965,192
"193",0.447945270190377,0.519085774411234,-94.0689874839867,193
"194",0.464061947297674,0.451481338276811,-95.032458717744,194
"195",0.461526885876177,0.464968114610111,-94.2654531860089,195
"196",0.486466547367921,0.521515885198899,-96.5034783760739,196
"197",0.463100799318147,0.496703278693073,-93.802910945481,197
"198",0.435264705627195,0.510544214754844,-94.8663261203482,198
"199",0.454832540284852,0.516808376194191,-93.8719275179005,199
"200",0.446895784938784,0.471299161589999,-94.1666709091761,200
"201",0.444927662992808,0.520672884573356,-94.2482243459605,201
"202",0.451672105777906,0.444506916358317,-95.2517626549798,202
"203",0.452959555606451,0.452780768366098,-94.7123442352116,203
"204",0.445645883898918,0.426707011065646,-97.092333877919,204
"205",0.459539225032124,0.462878723201857,-94.2771388807572,205
"206",0.45932001237237,0.468877883269488,-94.0591574466713,206
"207",0.469322879393192,0.503610307410259,-94.2152896396848,207
"208",0.458229026697919,0.446433447183405,-95.1048120807457,208
"209",0.465132308476714,0.493952586304574,-93.9064125904284,209
"210",0.447507231138223,0.49300168092529,-93.8119988622616,210
"211",0.443474565859149,0.456409146342782,-94.9852329354189,211
"212",0.477155667826827,0.507308282220113,-95.0207493912719,212
"213",0.468167476011171,0.475047908166483,-94.3611185734946,213
"214",0.463911094012556,0.519308465783779,-94.1163978311681,214
"215",0.447037253228312,0.466712225249265,-94.30402363349,215
"216",0.429652291099626,0.570144735599119,-97.470189516786,216
"217",0.467831411676624,0.557600013940178,-95.6920840541131,217
"218",0.454796639858007,0.568760619855472,-95.9278302954653,218
"219",0.450847236161513,0.498092708969233,-93.6946117470209,219
"220",0.436766802324565,0.470243778951678,-95.0801875479104,220
"221",0.467815901932692,0.497166257523134,-94.0774469405038,221
"222",0.485929164564593,0.540597442022526,-96.855378161085,222
"223",0.454192214564651,0.504674794731851,-93.6849667149253,223
"224",0.452237228228787,0.532912612743265,-94.3386100819254,224
"225",0.462624842786995,0.457185082386319,-94.6479939850474,225
"226",0.442037674963086,0.534120553313184,-94.8032284248455,226
"227",0.462234503267477,0.55584859621821,-95.3624564442219,227
"228",0.451438555897889,0.523046142076992,-94.059553272434,228
"229",0.459490791958541,0.502098092512598,-93.7052977898408,229
"230",0.427973610474888,0.499341063337696,-95.7899239595487,230
"231",0.43889325556868,0.453048409042787,-95.615844815035,231
"232",0.461551555947787,0.480244564472877,-93.8602058815763,232
"233",0.463224368864393,0.48431492543862,-93.8732776822738,233
"234",0.454862581037175,0.490660226014826,-93.6376458881825,234
"235",0.446386009560315,0.431322129326681,-96.5770753673552,235
"236",0.470502613388637,0.472521910544171,-94.6368730104931,236
"237",0.44485337194514,0.477315458144873,-94.1401130795443,237
"238",0.461042588882206,0.46409499896754,-94.279216483005,238
"239",0.475350709558371,0.535381396802206,-95.3823764932292,239
"240",0.444585785061186,0.490241179487936,-93.9842501237006,240
"241",0.444371280557087,0.514582154613719,-94.1548550182044,241
"242",0.461499884018086,0.519646380100292,-94.0313128531877,242
"243",0.463959680747132,0.531561904778183,-94.4509721341643,243
"244",0.433207597158705,0.481995471370025,-95.2219646691214,244
"245",0.459919848460957,0.496444744104435,-93.6899642616597,245
"246",0.483892921042344,0.506810972183282,-95.9563849659868,246
"247",0.47127931917105,0.508726731121135,-94.4232393565589,247
"248",0.453487480763299,0.507956287474272,-93.7293506084834,248
"249",0.461900091317274,0.486561891666092,-93.7914907720998,249
"250",0.474906890129277,0.475196770147154,-95.0456375306788,250
"251",0.444095561305009,0.488680560452499,-94.0271949650253,251
"252",0.420505874048465,0.445845675554084,-99.4575335823683,252
"253",0.470824190052505,0.516619674887771,-94.5006231704772,253
"254",0.431895730135843,0.496697717236989,-95.2258528708005,254
"255",0.452664160636452,0.526732511438409,-94.1392619839636,255
"256",0.468822251252202,0.478764939699511,-94.3304819569917,256
"257",0.458822797359698,0.518078034339806,-93.9290133911412,257
"258",0.468560427579343,0.452819390757575,-95.2994577296402,258
"259",0.449537101604238,0.520756752432303,-94.0515839358177,259
"260",0.460408266058821,0.482522959845695,-93.785888929572,260
"261",0.451583587115063,0.456408725278705,-94.5523778156595,261
"262",0.414253024706502,0.510364251712275,-98.3893187120336,262
"263",0.472952393696521,0.514991143263413,-94.6604310180201,263
"264",0.446439043349365,0.498036872304931,-93.8653992748262,264
"265",0.452493171799607,0.478525185652886,-93.7972784385023,265
"266",0.473341797451529,0.514708096099689,-94.6930571588174,266
"267",0.459184491289377,0.494302563791382,-93.6708632604911,267
"268",0.451786631408802,0.545882981701555,-94.8380629064039,268
"269",0.473272441361445,0.485347423518435,-94.6441044261941,269
"270",0.448678648897798,0.536572030003616,-94.5538527038273,270
"271",0.444236805326042,0.489718054674484,-94.0102674693237,271
"272",0.446477112738523,0.485812362309735,-93.9092221097258,272
"273",0.465270373191139,0.518844844436319,-94.1721362789303,273
"274",0.447831879633612,0.498382598386413,-93.800408607612,274
"275",0.461859140748581,0.484166441312424,-93.8155802023559,275
"276",0.475379468925537,0.482330546815269,-94.937435190303,276
"277",0.437334091978568,0.480195634021109,-94.7476515488392,277
"278",0.46354723631134,0.510345879896546,-93.9344408584636,278
"279",0.467260132856857,0.50596991986049,-94.0860813637504,279
"280",0.464456659111857,0.497488856738759,-93.869884577646,280
"281",0.465521154324218,0.470811156397499,-94.2833468589209,281
"282",0.453383586476672,0.512033633197348,-93.7917295790581,282
"283",0.457549495029545,0.542488327594264,-94.6763126908641,283
"284",0.456091461512818,0.490822147763408,-93.6376788004332,284
"285",0.467801958854925,0.44253779600502,-95.9105918512245,285
"286",0.461268619309843,0.471219906977001,-94.0517551663977,286
"287",0.449456996570818,0.525176588028588,-94.1677351779194,287
"288",0.45802457631613,0.453796222005895,-94.6631648532695,288
"289",0.450717208474197,0.47870740323657,-93.8354579069502,289
"290",0.446063140908858,0.49876062193846,-93.8873533508261,290
"291",0.459169024392255,0.554703396492511,-95.2339232111737,291
"292",0.464626764676247,0.50942148874187,-93.9727926235747,292
"293",0.450303689956469,0.50590277913509,-93.76647421556,293
"294",0.452421554988844,0.516744660427798,-93.8936894618959,294
"295",0.459019369056854,0.477519881006237,-93.8325134762,295
"296",0.426923839899741,0.490024581959896,-96.0432203766025,296
"297",0.46051199806952,0.502782524308494,-93.7371043299143,297
"298",0.452889162428605,0.503826680193583,-93.6903397717582,298
"299",0.488198976142625,0.487672182844391,-96.8825570458222,299
"300",0.426167906928636,0.469046618976621,-96.7613024737371,300
"301",0.487543951122612,0.505086437335794,-96.5710760569572,301
"302",0.432249811281924,0.502137929944291,-95.173038585018,302
"303",0.422114897151036,0.490717939941561,-96.9120519067768,303
"304",0.461294335337058,0.505467337755078,-93.7859843427164,304
"305",0.467392432496035,0.456299562258977,-95.007615126771,305
"306",0.433346010956082,0.512501095574662,-95.1101696646681,306
"307",0.475277941149787,0.556827145219904,-96.2053387544611,307
"308",0.46423575662391,0.462529812612136,-94.4959331431105,308
"309",0.462290703025164,0.521476155982438,-94.1014335893286,309
"310",0.448809687734643,0.508019899513933,-93.840237126746,310
"311",0.445820929924268,0.491244318727223,-93.9045721440669,311
"312",0.438727705811948,0.529711438485805,-94.9188502074804,312
"313",0.458381942294491,0.475493442882498,-93.8617681732099,313
"314",0.461161056754813,0.500695033317483,-93.7426665665207,314
"315",0.463208539507803,0.517724068973486,-94.0517548557197,315
"316",0.438762414116755,0.501451659389732,-94.4376007833269,316
"317",0.464405704439353,0.580419665683836,-96.7706239424178,317
"318",0.461524133390114,0.503818359965092,-93.7778079106853,318
"319",0.45372238068251,0.495306266605619,-93.6371138623189,319
"320",0.446698915391273,0.476932656422164,-94.0374724587441,320
"321",0.470525488353179,0.481321723627922,-94.4320365775819,321
"322",0.442129714978689,0.456471919896165,-95.0972841755686,322
"323",0.453969979728236,0.493962219619196,-93.634800405767,323
"324",0.439678622354895,0.47406219688499,-94.6454140254671,324
"325",0.473879442902043,0.568956880847973,-96.6807577213238,325
"326",0.432664333688759,0.499263516827082,-95.1175336482353,326
"327",0.437612551925029,0.492570398503696,-94.5585888470995,327
"328",0.467095146555888,0.497265895657531,-94.0274084629974,328
"329",0.444346778088138,0.499884710551686,-93.9916053820923,329
"330",0.441359672855036,0.482224821550865,-94.3136810568478,330
"331",0.43024642813159,0.527507872704387,-95.7679567089795,331
"332",0.450391817290164,0.488816002892465,-93.7206040078609,332
"333",0.415013478699428,0.494893780601566,-98.3725052639122,333
"334",0.460005209851846,0.492986901512328,-93.6926668981508,334
"335",0.44859493800285,0.523094246887407,-94.1410264611195,335
"336",0.435574354410482,0.498779413510416,-94.7633485411352,336
"337",0.462958768136753,0.517863712586273,-94.0445356348515,337
"338",0.443899293815599,0.471883964985495,-94.3411812191802,338
"339",0.430595404850185,0.503943355705929,-95.400712749761,339
"340",0.447481594294271,0.503730302198918,-93.8478975346586,340
"341",0.438416933664438,0.456150573216198,-95.4968542271494,341
"342",0.449729817673299,0.516434180615171,-93.9497687160247,342
"343",0.463005241074491,0.580900852328309,-96.7512525093308,343
"344",0.45186499284893,0.458297013580203,-94.4551890302078,344
"345",0.461783958546813,0.484810898470039,-93.8050722864577,345
"346",0.429370272812922,0.516067389067763,-95.6719042411073,346
"347",0.448093808683425,0.519163521588332,-94.0649119979591,347
"348",0.468579669165198,0.487629482656305,-94.1770863606682,348
"349",0.452433668688014,0.494543464770878,-93.6541742356437,349
"350",0.449630597672629,0.523855027302605,-94.1268194277217,350
"351",0.449471096397088,0.553322333344843,-95.2213714813992,351
"352",0.444396507437483,0.484238386448817,-94.0528787048913,352
"353",0.453546387544722,0.489373409631066,-93.6531391277815,353
"354",0.468179748258219,0.439626363208898,-96.172286511949,354
"355",0.454845737874854,0.481016684830332,-93.7306392389996,355
"356",0.470238132213752,0.548710326132129,-95.443743875642,356
"357",0.460822215372686,0.498542189597471,-93.7215317242793,357
"358",0.45199133601462,0.552508344917142,-95.1277638941299,358
"359",0.478984259060061,0.506048608917866,-95.2430711045131,359
"360",0.463812589925628,0.48676387951621,-93.8756961139702,360
"361",0.456269924262269,0.541224367558748,-94.6172057445559,361
"362",0.473545159326186,0.48001456018016,-94.7679776034146,362
"363",0.456774510943343,0.523206857893829,-94.0269062511871,363
"364",0.447590844722381,0.519933909123477,-94.1025827447085,364
"365",0.442287493230539,0.512698308405033,-94.2592339927111,365
"366",0.457713495365114,0.442276383110421,-95.3829658905828,366
"367",0.454851110209065,0.54342486869242,-94.7045238513475,367
"368",0.456623604869611,0.464184110563342,-94.1737832096709,368
"369",0.433852780264163,0.49712736348024,-94.9700656564393,369
"370",0.443198998127082,0.583005334541784,-97.0817603242895,370
"371",0.475554678259499,0.564507313877935,-96.5959878319668,371
"372",0.439713513647743,0.507465942680252,-94.3944558663233,372
"373",0.473480853274104,0.484390327150181,-94.6811408808037,373
"374",0.449537085284455,0.562225598517744,-95.6568408180907,374
"375",0.448780783910749,0.47679140216658,-93.941008876173,375
"376",0.431427826983755,0.4922305903631,-95.3197349703188,376
"377",0.445261950013738,0.520322453844883,-94.2219699980271,377
"378",0.464309296725423,0.538194249344865,-94.6925693309725,378
"379",0.439429332849096,0.510884698666737,-94.4593330833226,379
"380",0.475889118860147,0.491379417853448,-94.8753880801375,380
"381",0.440865641952523,0.475665755277828,-94.4907871820191,381
"382",0.456885313123911,0.514159547483523,-93.8241840141316,382
"383",0.476426279635985,0.49699727299554,-94.9086119898584,383
"384",0.480087092516216,0.503117289957712,-95.38221032172,384
"385",0.459316928935257,0.512892785624556,-93.8365844465618,385
"386",0.477645986570843,0.49866234870068,-95.0567590864946,386
"387",0.460580962039267,0.522867904973272,-94.0825090065734,387
"388",0.430189200548165,0.516341653310242,-95.5633743217445,388
"389",0.460258417482867,0.487314847729771,-93.728577449539,389
"390",0.452762978292202,0.533121346339147,-94.3378364648822,390
"391",0.453116630525639,0.481098032466688,-93.7441549671467,391
"392",0.4483426518608,0.488490072176329,-93.7963487674941,392
"393",0.462605577351348,0.499187554381857,-93.788617454,393
"394",0.449674793342137,0.518992828392425,-94.0063587264793,394
"395",0.462626382257143,0.449039998367451,-95.0982229788151,395
"396",0.458839805346433,0.539487682402117,-94.5764249346566,396
"397",0.447041363338673,0.497211625797715,-93.8334298753751,397
"398",0.472301133148676,0.552938435134245,-95.7789256065551,398
"399",0.463066112231997,0.535969377799563,-94.5623944207918,399
"400",0.443319614005867,0.509087296697862,-94.1366528812187,400
"401",0.471624167499174,0.501468972741937,-94.3995758625726,401
"402",0.451942822576712,0.474269064896527,-93.8979518734686,402
"403",0.479354797358903,0.551093953400868,-96.3724683408622,403
"404",0.438659668180859,0.530440701240139,-94.9457248257357,404
"405",0.463061490633577,0.523136069424283,-94.171970413706,405
"406",0.461990132467964,0.504413298760936,-93.799827522172,406
"407",0.453704327031769,0.478865405995363,-93.7740386607165,407
"408",0.455017332922723,0.487084446708971,-93.6592774686856,408
"409",0.439943567343423,0.512265674913639,-94.4345731845656,409
"410",0.45165092260924,0.470159265373676,-94.0137073324318,410
"411",0.443780243105539,0.500575770308483,-94.0312489576321,411
"412",0.45039044369897,0.469519619717912,-94.0680080017734,412
"413",0.482396842240483,0.492250470156136,-95.7778190488167,413
"414",0.467669000450918,0.472507181766535,-94.3889063747214,414
"415",0.454168378363494,0.524374841631729,-94.057521451649,415
"416",0.435193071433916,0.463668801456009,-95.5335320095673,416
"417",0.466195052322629,0.510244588976182,-94.0701100332438,417
"418",0.462173757540981,0.497802717244416,-93.7665231355343,418
"419",0.461654096699578,0.480979205103923,-93.8521606598962,419
"420",0.46974550451819,0.509561008124778,-94.3056078026148,420
"421",0.469287692601513,0.507843882354828,-94.2501042579648,421
"422",0.452042913777576,0.530634973396235,-94.267522005072,422
"423",0.461241307535673,0.479805506569728,-93.8560972630881,423
"424",0.461300073152374,0.492471525415026,-93.7339159254338,424
"425",0.465817962945212,0.478209442869809,-94.1181620070711,425
"426",0.44841641606389,0.480020730653587,-93.8949648272827,426
"427",0.455388419536979,0.476901754637206,-93.8030390249872,427
"428",0.455374110409456,0.48510227935895,-93.6773312830889,428
"429",0.45820657089093,0.527318355679157,-94.1562341734158,429
"430",0.45924400993167,0.520967209111149,-94.0037311854404,430
"431",0.471227736147866,0.515399266152392,-94.5127862068946,431
"432",0.457025304497041,0.524543772706656,-94.0645244695931,432
"433",0.456572903821729,0.526893019983465,-94.1274649549402,433
"434",0.458543361850017,0.477781336814804,-93.8172201052458,434
"435",0.446687405390695,0.509907695222124,-93.9552641060535,435
"436",0.434754576260014,0.483545109701679,-94.9905002038989,436
"437",0.466817537344838,0.457959833540095,-94.8781566659803,437
"438",0.426167906928636,0.469046618976621,-96.7613024737371,438
"439",0.439602684618197,0.506805123758101,-94.3976098112584,439
"440",0.454889897176848,0.487524159574139,-93.6561185027104,440
"441",0.433910782652159,0.45274644591873,-96.2891665777029,441
"442",0.469763091942054,0.467800777493128,-94.7188443070048,442
"443",0.448894090684231,0.504041787108384,-93.7934502314413,443
"444",0.458381942294491,0.475493442882498,-93.8617681732099,444
"445",0.45144198865056,0.491796688587195,-93.6785642618347,445
"446",0.449896333539844,0.472024530045668,-94.0127935195713,446
"447",0.467356847772958,0.504541648832827,-94.0796428234626,447
"448",0.451163003475353,0.507231695063126,-93.7597312029934,448
"449",0.479451791112455,0.480451047829887,-95.5296964894713,449
"450",0.472906271232908,0.540681626450953,-95.3365050636524,450
"451",0.458856242222813,0.504817327558678,-93.7156747950823,451
"452",0.440814171555483,0.493382659415311,-94.2511155166502,452
"453",0.454953732003896,0.501657222846968,-93.6552378833584,453
"454",0.44934896889522,0.464025993299562,-94.2931646222358,454
"455",0.457841011781745,0.493492965654502,-93.647000165842,455
"456",0.463277045196671,0.47031313330659,-94.1675079559765,456
"457",0.468890528400301,0.543106464941145,-95.1262919311195,457
"458",0.448511220420067,0.564402161160035,-95.8001468008257,458
"459",0.439732951465669,0.489838054522186,-94.3678802012435,459
"460",0.441962169389133,0.494144466237592,-94.1548503394524,460
"461",0.470557236140549,0.430899177958174,-97.2066228427131,461
"462",0.449105119577839,0.499681526587076,-93.7552793723596,462
"463",0.46795105790556,0.464872468436324,-94.6670809214084,463
"464",0.454696147148257,0.512121819750253,-93.7834135755237,464
"465",0.435359195081772,0.519023924259215,-94.9849556515607,465
"466",0.445609060961511,0.526844259979483,-94.3708249370701,466
"467",0.454326960865259,0.559791647023724,-95.4552739452224,467
"468",0.457730062492295,0.482038380324325,-93.7319332229373,468
"469",0.451538236747264,0.457654108648426,-94.4933713162924,469
"470",0.471592132523915,0.434241815106988,-97.0103589724229,470
"471",0.439502705838654,0.536585789104396,-95.0706258016407,471
"472",0.444445552178863,0.479011714558988,-94.1331325636147,472
"473",0.438552406253369,0.4862551992139,-94.5190391879661,473
"474",0.456975833257193,0.473209176869984,-93.8952486335404,474
"475",0.437565898883471,0.511740481433954,-94.6426055008794,475
"476",0.44637651762039,0.487548437399987,-93.8980777632234,476
"477",0.452882601418725,0.490854640602319,-93.6545274288932,477
"478",0.466396465937126,0.504673412782306,-94.0190744581105,478
"479",0.455816527026908,0.521250390566167,-93.9728390704312,479
"480",0.43595909307489,0.491684723303921,-94.7453887903695,480
"481",0.436412344535507,0.492942987200943,-94.6858880960764,481
"482",0.453920654581711,0.484935460861984,-93.6854777032086,482
"483",0.453658273942504,0.469035417681176,-94.0124512855441,483
"484",0.42043463771033,0.477722022209155,-97.5963915622995,484
"485",0.467981564021674,0.47317144601224,-94.3952946385814,485
"486",0.462306036042761,0.508947504410195,-93.8635771064287,486
"487",0.478188232457363,0.481532456183935,-95.3227210580655,487
"488",0.441624692458117,0.496483543690634,-94.1785763921093,488
"489",0.473075784917865,0.549750327263924,-95.7044061647752,489
"490",0.484406646084984,0.50952403782178,-96.0492121682347,490
"491",0.452343791278666,0.50637182119768,-93.725467806222,491
"492",0.46663248807869,0.481789461619601,-94.1079499361675,492
"493",0.474927787481676,0.523605601249642,-95.020807209029,493
"494",0.448887029199412,0.527142074825961,-94.2415165984823,494
"495",0.452592453029902,0.472356433591397,-93.9331233548495,495
"496",0.475433434701872,0.549338173390522,-95.8963624536259,496
"497",0.464815834456698,0.506048690123803,-93.9421762087294,497
"498",0.481137958366476,0.568944116573884,-97.383424140697,498
"499",0.462605577351348,0.499187554381857,-93.788617454,499
"500",0.425640662964806,0.512134396207456,-96.1913043964839,500
"501",0.439704850195099,0.478568153714161,-94.5338051031674,501
"502",0.44942563642553,0.571193284451191,-96.1435508402258,502
"503",0.449866216961414,0.450010405979604,-94.9559073889264,503
"504",0.44735353484922,0.516702433246715,-94.0425615820641,504
"505",0.42040708729791,0.52112475004909,-97.1886390794799,505
"506",0.453800958395257,0.478461938319108,-93.7804023793796,506
"507",0.455371811768095,0.526044027444913,-94.0997564432928,507
"508",0.452879932155951,0.447674167531857,-95.0157148234935,508
"509",0.465043828278492,0.46463213732091,-94.4623655643124,509
"510",0.447589424799661,0.495901406172405,-93.8060160437676,510
"511",0.461101974744201,0.559117952976401,-95.4900540498425,511
"512",0.445847389740112,0.548212383127467,-95.1255884350969,512
"513",0.449788117926851,0.47695495645731,-93.8992403032862,513
"514",0.453503808069097,0.528375129035511,-94.177662373507,514
"515",0.456162492775398,0.451240872349233,-94.7817612247666,515
"516",0.463343287254086,0.482200045676793,-93.907499232187,516
"517",0.443687077934968,0.571897176717433,-96.4073443219334,517
"518",0.465903271573693,0.486127986921189,-94.0015496753863,518
"519",0.458956093256147,0.489887375995607,-93.678389201468,519
"520",0.450143099090163,0.481268140031532,-93.809969150537,520
"521",0.466242714968638,0.527791651999166,-94.4492346565389,521
"522",0.455315662994321,0.456586121059462,-94.4956469795752,522
"523",0.445937131033427,0.500361188240737,-93.9008558775491,523
"524",0.452171706375316,0.482082337338158,-93.7455411438335,524
"525",0.482902010977961,0.480068193608428,-96.0895930897729,525
"526",0.436983643459229,0.542226385515892,-95.4832655205182,526
"527",0.443382967442668,0.442463894935115,-95.8662683558886,527
"528",0.457739182831772,0.524893756871076,-94.0812954714722,528
"529",0.447560247427946,0.522685371437324,-94.1702790823802,529
"530",0.463062987067732,0.466761084443202,-94.2713171602262,530
"531",0.456866728038015,0.487460174416502,-93.6625647446769,531
"532",0.47099773213141,0.518237224684925,-94.5455309295315,532
"533",0.454258050081595,0.473823094774063,-93.8755573310281,533
"534",0.463313551979691,0.500339213434728,-93.8245018941986,534
"535",0.451851744147847,0.485521812519235,-93.7105467389777,535
"536",0.453681621966956,0.468514184973716,-94.0283838755136,536
"537",0.473217332250396,0.523701522535665,-94.8572658728426,537
"538",0.446585818889566,0.485395283879805,-93.9078982865038,538
"539",0.475635280130971,0.486823626785302,-94.8953710049846,539
"540",0.460064202711623,0.496200093740942,-93.6934279503697,540
"541",0.451042537940225,0.473590821118766,-93.9365204723775,541
"542",0.459038505870836,0.554121825798888,-95.2042129453461,542
"543",0.456174949521193,0.535424894412714,-94.4005341805384,543
"544",0.460579344721645,0.50386426123926,-93.7482411268012,544
"545",0.448424160844044,0.469690645705048,-94.1383404363447,545
"546",0.452203896395964,0.505246379776277,-93.71539419637,546
"547",0.450378888559693,0.484927831098511,-93.754745208247,547
"548",0.448850065216218,0.476570884355055,-93.9428249933891,548
"549",0.451579599154407,0.500402950087982,-93.6878602626803,549
"550",0.462447473096253,0.463014612431066,-94.3810598545434,550
"551",0.453837297637525,0.532368040869203,-94.3011002627457,551
"552",0.464815955457628,0.512987945384025,-94.0363589549039,552
"553",0.45259522764888,0.455408813904527,-94.5799104263794,553
"554",0.459666533784364,0.497488240005555,-93.6858680833398,554
"555",0.447748288812195,0.46425761044699,-94.356276667087,555
"556",0.462118513338785,0.499937255792212,-93.7726254488291,556
"557",0.456784759085858,0.445163610119025,-95.1668312517118,557
"558",0.46372110995255,0.469325265010879,-94.2211005528317,558
"559",0.433249668719191,0.530354077419849,-95.4775994128674,559
"560",0.462034813256969,0.441163832953961,-95.609699778238,560
"561",0.428474912948069,0.492428775326302,-95.759430885738,561
"562",0.454177613309018,0.468712762601541,-94.0176069468832,562
"563",0.444816771650973,0.50384771720175,-93.9873576770901,563
"564",0.499679435653865,0.557775257976978,-99.8256231053895,564
"565",0.4483697830402,0.489403883595883,-93.7891696724619,565
"566",0.451945006939036,0.541113625298241,-94.641371517462,566
"567",0.456333137534579,0.511745491350898,-93.7779962472577,567
"568",0.450045320779557,0.44249775523946,-95.4468071200958,568
"569",0.464438388798461,0.463231931420331,-94.4795504600138,569
"570",0.471518445010354,0.531906050876373,-94.9301523535467,570
"571",0.472866942977948,0.528289623213639,-94.9411159516425,571
"572",0.446175893848205,0.485599949357303,-93.9279568675327,572
"573",0.450902913954629,0.487935817772112,-93.7122686939352,573
"574",0.439019525172597,0.492599984192992,-94.4173507369554,574
"575",0.462915028918996,0.481853560502897,-93.8922727785707,575
"576",0.452569722072069,0.458078823316016,-94.4504202021634,576
"577",0.456005183013273,0.488466553967079,-93.6498551124276,577
"578",0.453906873533673,0.463533647586002,-94.1998544737588,578
"579",0.440146683650209,0.512675232419018,-94.4237262120623,579
"580",0.45014995593775,0.49427111531753,-93.7087991746261,580
"581",0.448595899678378,0.514063434743895,-93.9420841761523,581
"582",0.45182848036023,0.507688816694489,-93.7510854764043,582
"583",0.463265703703512,0.581390990854071,-96.7893481420654,583
"584",0.43880045861464,0.474119229469207,-94.7336140281793,584
"585",0.462524764703128,0.4801084699972,-93.9026546617945,585
"586",0.446578756030007,0.545692756491189,-94.9867895839512,586
"587",0.44670321208375,0.518980058489125,-94.1198807329024,587
"588",0.444504555336953,0.584584655577574,-97.1149409713938,588
"589",0.469469124363671,0.485929368774162,-94.2687205581459,589
"590",0.460725810502856,0.491661487432395,-93.7173821420496,590
"591",0.469012211321626,0.45400763007824,-95.2741816551946,591
"592",0.448051456379836,0.513124093776231,-93.946259823623,592
"593",0.459094575129521,0.462510735127109,-94.2800470343456,593
"594",0.467628275531821,0.467633924504875,-94.5390419704416,594
"595",0.459421831568844,0.459648808425205,-94.4096243562047,595
"596",0.468127458113245,0.51496139139421,-94.2677710496069,596
"597",0.452801471757464,0.510743363186333,-93.7781092540215,597
"598",0.451429545767603,0.511897814798975,-93.8214179188519,598
"599",0.460351701067463,0.510010155416753,-93.8150880957652,599
"600",0.451287227990554,0.504138816045078,-93.7230512071154,600
"601",0.446529363387249,0.505355327005075,-93.9077683870589,601
"602",0.459165752999153,0.485889814857076,-93.7128678650294,602
"603",0.461223036313109,0.523417574251029,-94.114996644433,603
"604",0.455150829823091,0.44209060255621,-95.375608628587,604
"605",0.453665084754069,0.476254957661968,-93.8254873745629,605
"606",0.465064552841293,0.476669683981364,-94.1031694280717,606
"607",0.428432098373886,0.510324437512515,-95.7451223703116,607
"608",0.467190532327157,0.486864479591905,-94.080433097308,608
"609",0.455143092914443,0.492028639565664,-93.6323166272755,609
"610",0.456181976158538,0.470243492341878,-93.9693508931608,610
"611",0.469578149553407,0.507813320934522,-94.272290743715,611
"612",0.45818845087674,0.482489503066714,-93.7329454026106,612
"613",0.465347549290615,0.4889949239663,-93.9415449391157,613
"614",0.446027483394155,0.485328558816493,-93.9392674191963,614
"615",0.439090107951485,0.508298505576402,-94.4583259650288,615
"616",0.45517341224774,0.465549166749434,-94.1186289188051,616
"617",0.434005803501213,0.434399333080592,-97.706029030901,617
"618",0.470321803640387,0.464494258827832,-94.8979037777446,618
"619",0.446192740522861,0.574743280968283,-96.4538098466994,619
"620",0.469373080934456,0.497709422767671,-94.1963411896657,620
"621",0.458234959983169,0.494677029620315,-93.6523840839102,621
"622",0.444339356749412,0.506223052327108,-94.0382505525427,622
"623",0.462094724983208,0.473983192965509,-94.0118921174136,623
"624",0.456759897981688,0.524890076664126,-94.0719982359148,624
"625",0.485474976603214,0.548900699859474,-97.0654261631091,625
"626",0.455248859948847,0.459212995549945,-94.3727149478001,626
"627",0.449721656606193,0.536369730871598,-94.51431469589,627
"628",0.470030295380505,0.473711159350068,-94.5583172313975,628
"629",0.469666282946388,0.520296853708727,-94.4831298066572,629
"630",0.441957445058928,0.517663638970481,-94.3715563201325,630
"631",0.446840804240415,0.460009445401567,-94.5805402861372,631
"632",0.451429545767603,0.511897814798975,-93.8214179188519,632
"633",0.446510491990626,0.46832030312595,-94.2792593525581,633
"634",0.471484459964053,0.507883336802968,-94.4323673921821,634
"635",0.464872762975023,0.568484555430551,-96.1049331826646,635
"636",0.452818583720794,0.536229116667254,-94.4450694710164,636
"637",0.432375250084553,0.480269132412833,-95.3747040563486,637
"638",0.449973920997515,0.514041209466632,-93.8960898562736,638
"639",0.453491891667495,0.470922366627273,-93.9588412493946,639
"640",0.458283954670633,0.510354148909882,-93.7760133705236,640
"641",0.462757920639855,0.470706440642255,-94.1302625561406,641
"642",0.468887912531314,0.514034394577613,-94.3055057157616,642
"643",0.459148395939456,0.511255555883498,-93.8057097697026,643
"644",0.459412494797281,0.465032677418992,-94.1916339920118,644
"645",0.452195931927318,0.502109430722053,-93.687038943089,645
"646",0.443709338199583,0.459912505973868,-94.7971633349367,646
"647",0.445209029756515,0.492995318751184,-93.9336797807578,647
"648",0.482309987645253,0.487238582488367,-95.8353942053434,648
"649",0.454855761398078,0.540802467709168,-94.5999996450121,649
"650",0.467422290406033,0.453811209669921,-95.1433654398911,650
"651",0.448088680988576,0.483325543898852,-93.8594791701637,651
"652",0.456368429655223,0.513548690781918,-93.8095430490922,652
"653",0.454522153000029,0.495629624142198,-93.6315400740346,653
"654",0.454996220152305,0.569764353720307,-95.9829968061027,654
"655",0.481288458456029,0.552945124742116,-96.6723899335167,655
"656",0.468858603608872,0.561656778478403,-95.9508246420713,656
"657",0.432941276479263,0.528830820910144,-95.4722566188207,657
"658",0.457074914493865,0.49606504980395,-93.6381786415995,658
"659",0.473333257845765,0.451862464013522,-95.875794390508,659
"660",0.454789175191973,0.502814056760042,-93.664729248991,660
"661",0.460150831361047,0.491855768477259,-93.6995998135776,661
"662",0.474114115979476,0.504978284690699,-94.6625005177305,662
"663",0.473549654484934,0.484286655155636,-94.6903451898649,663
"664",0.447007626601333,0.494657362812327,-93.8332885784375,664
"665",0.445105571642136,0.522544506746929,-94.2833260536668,665
"666",0.453017373038058,0.52170516401103,-93.9989775057142,666
"667",0.442996972246314,0.484913540239612,-94.1435191384606,667
"668",0.454632663766551,0.527624284077122,-94.1472897813909,668
"669",0.477969640967416,0.565348656812132,-96.8670159256999,669
"670",0.44474253703675,0.477294550361017,-94.147881529943,670
"671",0.443634396260703,0.545092104911948,-95.1083390799931,671
"672",0.441961084640593,0.469539342422966,-94.567362014945,672
"673",0.422299855375017,0.522750315248436,-96.873610069817,673
"674",0.446615735256951,0.528534202342316,-94.3716185943387,674
"675",0.46559247433486,0.515282424627459,-94.1177714363078,675
"676",0.471434987873061,0.569400010228045,-96.5197853570389,676
"677",0.457079595581004,0.533863820327782,-94.3516083533539,677
"678",0.453920201211007,0.475511635566232,-93.8390734122062,678
"679",0.452123362509756,0.463456191007844,-94.2303627145191,679
"680",0.451042537940225,0.473590821118766,-93.9365204723775,680
"681",0.457307458452104,0.452381431414772,-94.728596632846,681
"682",0.459827613815501,0.456151909042412,-94.5862513575694,682
"683",0.433773100624615,0.511198341572917,-95.0439769100694,683
"684",0.449621382575025,0.46781993478236,-94.1482514008803,684
"685",0.450415381853973,0.521034316835868,-94.033118830065,685
"686",0.458683458060689,0.547515717016498,-94.9000175985982,686
"687",0.459157487822592,0.471818251827814,-93.9693979236864,687
"688",0.427876423301983,0.542699355028341,-96.5163375043524,688
"689",0.461639317181596,0.469066704227425,-94.1303822720288,689
"690",0.461620062890582,0.480332819953917,-93.8613638326215,690
"691",0.469997761757657,0.488913657753411,-94.2830480163824,691
"692",0.475779635686811,0.479391627535796,-95.0486832994118,692
"693",0.451565702842032,0.509025802351371,-93.774443915225,693
"694",0.444740124813073,0.493520924898609,-93.9609286870373,694
"695",0.465102913325764,0.498226098292636,-93.9064822447807,695
"696",0.445106256882351,0.496447045092695,-93.9364501371305,696
"697",0.457255075405543,0.443390955141609,-95.29553742477,697
"698",0.456343813455721,0.502875169014478,-93.6667016284371,698
"699",0.442340693008273,0.465216156341299,-94.6871797032248,699
"700",0.494799044234554,0.459461577964306,-99.6186382933542,700
"701",0.463868231636846,0.536341562506361,-94.6073620233501,701
"702",0.454244529329043,0.449462067917079,-94.8880817608389,702
"703",0.461452610562948,0.545759452039908,-94.886086325486,703
"704",0.448584992040139,0.442663324078783,-95.4984642636769,704
"705",0.450522591678333,0.449323190762074,-94.973664163431,705
"706",0.447087185191578,0.516912670801012,-94.0585027196158,706
"707",0.443343558713857,0.56534029324627,-96.0705217961339,707
"708",0.446982258733684,0.460587384307369,-94.547021712844,708
"709",0.449917367074957,0.454231301095794,-94.7160966710879,709
"710",0.447552540980314,0.51397480843825,-93.9818155833075,710
"711",0.459602027444594,0.45095191096902,-94.8600972625112,711
"712",0.46712362082357,0.530503293076157,-94.5795545770486,712
"713",0.463142443512231,0.525396271090171,-94.2348647928273,713
"714",0.476484174933883,0.559711125093154,-96.4507724234006,714
"715",0.45345381766335,0.479952051383508,-93.7580561130578,715
"716",0.445854414401869,0.478474609674367,-94.0540237036812,716
"717",0.472215657102699,0.469205821541378,-94.9188134830148,717
"718",0.46698663701673,0.547108057083535,-95.17367433745,718
"719",0.449189856314079,0.480184028498042,-93.8608221456581,719
"720",0.472123069054131,0.457999750186889,-95.3858175864393,720
"721",0.449945785802786,0.520958514868212,-94.0442257488146,721
"722",0.47332153051043,0.500245993166049,-94.5606448416796,722
"723",0.448446172394294,0.496100403903046,-93.7696106322327,723
"724",0.458179274570805,0.442724672310558,-95.3593561408196,724
"725",0.458384737500749,0.53215128831512,-94.3091490601069,725
"726",0.458094500577787,0.473573765568507,-93.9016627178473,726
"727",0.458569569616929,0.493540386984473,-93.6589656131641,727
"728",0.460532756080421,0.437334741810943,-95.8462784676952,728
"729",0.457593152240184,0.521510303105164,-93.9911518588483,729
"730",0.444022872068506,0.558365302294755,-95.6814056128641,730
"731",0.453072341654002,0.534393520223521,-94.3772964750405,731
"732",0.443371422480518,0.491709539730239,-94.0583421457208,732
"733",0.449295646403327,0.489274217065043,-93.7538808825511,733
"734",0.450753188908349,0.47611251139324,-93.8861993778771,734
"735",0.453262590946831,0.525280934717332,-94.0904714148024,735
"736",0.456010601819025,0.483489662519983,-93.6969368120868,736
"737",0.441336125456039,0.486000668482687,-94.2630388610926,737
"738",0.476426211696405,0.46828936540203,-95.4702386910355,738
"739",0.464002528414325,0.473071916008706,-94.1284729546533,739
"740",0.456139952249434,0.479357771321643,-93.7586837490995,740
"741",0.438403646950308,0.49076562963442,-94.489360271076,741
"742",0.457600045942662,0.49839030431389,-93.6503753918984,742
"743",0.450689283131804,0.542144069925666,-94.7072764022125,743
"744",0.438306262573573,0.522170310133262,-94.7620317064612,744
"745",0.449629128154931,0.53197409088921,-94.3668159491965,745
"746",0.440534313621212,0.473401723452849,-94.5806269100433,746
"747",0.445995052797522,0.542954005684531,-94.9013393795973,747
"748",0.467077842612945,0.520543524258601,-94.3122416214561,748
"749",0.4546852524285,0.495841242596154,-93.6310585136558,749
"750",0.451859075241668,0.509239009984685,-93.7714975782536,750
"751",0.431883300821991,0.546639647904436,-96.1650652542697,751
"752",0.44364567770044,0.53151009431077,-94.6177335394962,752
"753",0.467548089155792,0.481759974980398,-94.1743386369514,753
"754",0.484786256905986,0.49369732259307,-96.1566107435439,754
"755",0.455564341157196,0.503779355321836,-93.6722553651319,755
"756",0.472862238217307,0.514907951972244,-94.6506181480249,756
"757",0.471710072952699,0.497301682491586,-94.4001337709053,757
"758",0.452475452664499,0.516620058094789,-93.8902394601374,758
"759",0.458495888657378,0.538569201333793,-94.5364022780686,759
"760",0.457758051575247,0.508895714692146,-93.7471516559443,760
"761",0.47968034953736,0.544118126930252,-96.1436192213701,761
"762",0.454914096225539,0.468885408043696,-94.0084195618756,762
"763",0.466113192628292,0.502926775664565,-93.9880367739966,763
"764",0.452914515081608,0.537112118939211,-94.475755491813,764
"765",0.471220919101005,0.452379749999613,-95.5948134095076,765
"766",0.4522656414203,0.517000648509267,-93.9016199098131,766
"767",0.458694207901251,0.483844910218776,-93.7250045798676,767
"768",0.463406225160466,0.527945833643022,-94.3174952286147,768
"769",0.449404365008121,0.46187433810368,-94.3764159093661,769
"770",0.452871218872403,0.485545008837585,-93.6917482263838,770
"771",0.445491287086794,0.511622362977034,-94.0417323747713,771
"772",0.471021903489858,0.528419116907205,-94.7891666262202,772
"773",0.447901301330144,0.516640043354216,-94.0184952735364,773
"774",0.468102604468215,0.54991311227165,-95.3568990736323,774
"775",0.441441169614701,0.421852872955836,-98.0237771371796,775
"776",0.445137605542175,0.495763270494369,-93.9342581377069,776
"777",0.474914620950167,0.456508868128611,-95.8107951670506,777
"778",0.442175471455923,0.510886204426049,-94.2402236667797,778
"779",0.448940650754709,0.490576425935608,-93.7600366859843,779
"780",0.465956620321359,0.466110226175118,-94.4681924738606,780
"781",0.475140297799317,0.533589579648372,-95.3063388679745,781
"782",0.465332241443979,0.503991017752277,-93.9508811797331,782
"783",0.474551080766175,0.514229965733725,-94.8064390247883,783
"784",0.46514033398203,0.495291937617384,-93.9053469424378,784
"785",0.465596892435963,0.518605686777049,-94.1843114675363,785
"786",0.466280409904157,0.520889412085438,-94.2729753899575,786
"787",0.470052446182591,0.533778834502448,-94.8755644422934,787
"788",0.449931061623268,0.514656969246783,-93.9088235238807,788
"789",0.440777108497914,0.506301814452276,-94.2935597278281,789
"790",0.42865716307235,0.557525342060779,-96.9903576157763,790
"791",0.45736063743188,0.507251355608835,-93.7206674076131,791
"792",0.459113778293419,0.509207893151082,-93.7741147469678,792
"793",0.466632060493772,0.560059690851351,-95.7477073160541,793
"794",0.44956499191506,0.498274466635515,-93.7334401602879,794
"795",0.45392879636426,0.471852720803679,-93.9286329616737,795
"796",0.474117522005667,0.469080202382271,-95.1426554721649,796
"797",0.440133165620728,0.483596540311526,-94.4019248707878,797
"798",0.457726863676631,0.503327641741487,-93.6833157748102,798
"799",0.444483938671086,0.464957494161876,-94.528536670268,799
"800",0.455199202034498,0.467164197079877,-94.063067431806,800
"801",0.446430799160565,0.462107133592822,-94.5141418181503,801
"802",0.441413742063757,0.441031522044946,-96.1614942886544,802
"803",0.459277191820153,0.588885392070533,-97.1630825252448,803
"804",0.472050322966747,0.5044019541276,-94.4545576804152,804
"805",0.454249518606617,0.473606932877177,-93.8809000752748,805
"806",0.466366854664772,0.478303544542348,-94.1529560147128,806
"807",0.439635164161548,0.498590319182951,-94.3491487207706,807
"808",0.437884906946925,0.481727930028743,-94.6579324340848,808
"809",0.484196670092132,0.472956727945298,-96.5434215951467,809
"810",0.445295394011084,0.522954552324638,-94.2834034218399,810
"811",0.462373349557814,0.4937178295483,-93.7718871507131,811
"812",0.479691186380188,0.44923902313847,-96.9944852308004,812
"813",0.462904934277293,0.489109885062792,-93.8134036918484,813
"814",0.469513525592718,0.470835142606548,-94.5949002832508,814
"815",0.46107803278886,0.480842362735796,-93.8330394499474,815
"816",0.462229381070533,0.514015068010481,-93.9408621886292,816
"817",0.450021763165134,0.477893038784284,-93.8724718420449,817
"818",0.445806599947626,0.484914257661825,-93.9566617507992,818
"819",0.474548731336336,0.455058660668726,-95.843211095262,819
"820",0.456285488278361,0.507503571374173,-93.7154203163238,820
"821",0.450937043104151,0.487597576447677,-93.7139285741348,821
"822",0.461948266198558,0.477867212465371,-93.9193493482748,822
"823",0.454789319789814,0.493314846289183,-93.6306103013415,823
"824",0.455112201656716,0.579251092281558,-96.5334927765398,824
"825",0.453280821824438,0.523094397523923,-94.0313214316705,825
"826",0.445290988096095,0.492234819310059,-93.9312320147378,826
"827",0.450425656377232,0.504367978096972,-93.7471911877521,827
"828",0.46105312501877,0.449334407427747,-95.0076648824668,828
"829",0.461180627262458,0.459005559950558,-94.4976048564414,829
"830",0.457209660096617,0.49627485522128,-93.6398889958803,830
"831",0.47248069973135,0.517271500031811,-94.6559341626815,831
"832",0.45243110899048,0.500069676115235,-93.6695124115811,832
"833",0.474321782514123,0.475444486649525,-94.9677584572501,833
"834",0.448971691985848,0.50782263034887,-93.831886299569,834
"835",0.462139162925393,0.450536710457773,-94.9832240407198,835
"836",0.466450187107929,0.434958876677168,-96.4129174761703,836
"837",0.470585444669031,0.501114992407815,-94.3056389737838,837
"838",0.461159676108843,0.477895663231998,-93.8883138312977,838
"839",0.470808596669594,0.516884526980672,-94.5042067341378,839
"840",0.469719001720753,0.486221969463387,-94.2866572862933,840
"841",0.474815804506783,0.484004663568236,-94.8397391764884,841
"842",0.453109629680294,0.470023059660312,-93.9897573004657,842
"843",0.455220481418695,0.525368696884608,-94.0808421438174,843
"844",0.441691659123006,0.494217981538168,-94.1760802399131,844
"845",0.429618210395468,0.517191493102373,-95.6534404264814,845
"846",0.465094598377019,0.459814829667928,-94.6669767614101,846
"847",0.458446896612681,0.463880707772442,-94.2117193253443,847
"848",0.450161411260419,0.498574165486065,-93.7156221682405,848
"849",0.453069012416563,0.519025837593155,-93.934298653494,849
"850",0.428496811829353,0.550226706221773,-96.7091576266362,850
"851",0.434334995314759,0.556137845030144,-96.3025853275386,851
"852",0.437058889124979,0.522212311933257,-94.8787116617209,852
"853",0.476654861579654,0.520360430204156,-95.1369403086604,853
"854",0.461703153165681,0.499451582210723,-93.7548782417314,854
"855",0.464065828758531,0.459944620461226,-94.5970287572037,855
"856",0.45144415778574,0.529634400939662,-94.2473315665235,856
"857",0.438233298952292,0.517501082710901,-94.6721750698296,857
"858",0.473716995741356,0.600531488138704,-98.5638068165638,858
"859",0.450617244956816,0.491408770249106,-93.701036632689,859
"860",0.452678459586158,0.44294887964367,-95.3385614451271,860
"861",0.44082399600952,0.562201656787799,-96.0610974969844,861
"862",0.435804468501407,0.542670332903806,-95.608633883627,862
"863",0.454447422670998,0.480914072830061,-93.7339803429612,863
"864",0.436630014644967,0.463839239792247,-95.341117795546,864
"865",0.437613595641026,0.495444896064475,-94.5465340630146,865
"866",0.444754046651808,0.524296125740853,-94.3469862322169,866
"867",0.452284766730141,0.516329943302495,-93.8873498654999,867
"868",0.465727331665167,0.490140955535393,-93.9567750066076,868
"869",0.434803781193362,0.50318382671717,-94.86100945157,869
"870",0.483292027719449,0.488656470323969,-95.9729890788373,870
"871",0.460801514398869,0.500677165820761,-93.7311442709739,871
"872",0.44184211051655,0.521569313549065,-94.4640706462999,872
"873",0.445516442839159,0.471251317522375,-94.2490067134518,873
"874",0.477854766027471,0.453493291271621,-96.4126748856447,874
"875",0.452559282441063,0.535022972954111,-94.4059222359535,875
"876",0.442532433003803,0.531184930844581,-94.677095408847,876
"877",0.464029432704823,0.525416395810095,-94.2727452226258,877
"878",0.440690100771525,0.5327231581801,-94.8534032457605,878
"879",0.449996733253181,0.475029317927306,-93.9341419824121,879
"880",0.455330935857382,0.512925478019841,-93.7959390743311,880
"881",0.448300199937241,0.498791417143062,-93.7822060152269,881
"882",0.474161082969122,0.450042122156447,-96.0979350980647,882
"883",0.459633617053677,0.508088844453639,-93.7702222591808,883
"884",0.453084887805601,0.44268750931064,-95.3501869483112,884
"885",0.45770197226665,0.534963671074676,-94.3956390348887,885
"886",0.453976335906832,0.470002324656957,-93.9802586530669,886
"887",0.455123695819254,0.457554695560292,-94.4492253306481,887
"888",0.45678601450627,0.544227217501478,-94.7406742047693,888
"889",0.454036008720877,0.502451247750398,-93.6659616563151,889
"890",0.483660694104883,0.512097554861884,-95.9500319790054,890
"891",0.468177228836622,0.532229729842361,-94.6978216850179,891
"892",0.467434099149846,0.534105549507949,-94.7121275834223,892
"893",0.464393900231751,0.531918823628236,-94.4814695047581,893
"894",0.442977766444314,0.462695080216228,-94.7344705943339,894
"895",0.472363227233182,0.511784455542802,-94.5580928577277,895
"896",0.443965965515536,0.515589112425905,-94.197788835537,896
"897",0.464418371437874,0.508589873991391,-93.9513815729401,897
"898",0.465583636057506,0.520307031809652,-94.2211286144143,898
"899",0.43893889276541,0.499485809682305,-94.4149357303279,899
"900",0.447462970376649,0.422798098028896,-97.3934610211655,900
"901",0.446861073860658,0.430096288248012,-96.6635871142136,901
"902",0.461737856569995,0.493926774515419,-93.7468277913735,902
"903",0.452944597300801,0.448506265306137,-94.962419441081,903
"904",0.465435779012913,0.538128299854323,-94.742386374146,904
"905",0.445030553267025,0.471181874083817,-94.2824574144757,905
"906",0.471097304549574,0.48441473635013,-94.4358347445392,906
"907",0.456387894731001,0.516954778652969,-93.87657240902,907
"908",0.472083079199239,0.551441135326351,-95.6965252833817,908
"909",0.477149806493666,0.472098327558494,-95.4346114227598,909
"910",0.472240192852494,0.47372424805385,-94.7794253728713,910
"911",0.438667697544117,0.469478246809609,-94.8895565183218,911
"912",0.476929940201731,0.477518924784506,-95.2446111617505,912
"913",0.444600931050301,0.579501947541567,-96.8017266557702,913
"914",0.465326774476353,0.497295623870449,-93.9171617323021,914
"915",0.438743994631122,0.479794539589972,-94.6046357924628,915
"916",0.45613279458597,0.489881814887932,-93.6421215603583,916
"917",0.466941894787173,0.496396606538458,-94.016514172957,917
"918",0.478603861296723,0.543113833947677,-95.9848446897795,918
"919",0.463228388220351,0.526883216885713,-94.2797048062875,919
"920",0.444849085260655,0.516958898101136,-94.1723127879005,920
"921",0.449828184000338,0.468971180015492,-94.1039272809157,921
"922",0.473017679576927,0.512687123631362,-94.6319191981644,922
"923",0.468102604468215,0.54991311227165,-95.3568990736323,923
"924",0.47428955288025,0.526019896585825,-95.0146641648676,924
"925",0.430720552466226,0.474256169213042,-95.7844937972803,925
"926",0.479980780238647,0.494973203364595,-95.3882462682998,926
"927",0.468732185904232,0.465525985568914,-94.7087639527689,927
"928",0.450150274150026,0.461475959973812,-94.3652180693207,928
"929",0.434859031803662,0.528644853491495,-95.2567272568607,929
"930",0.4606473333401,0.558685652821416,-95.4573843585312,930
"931",0.455061305813977,0.474743672570749,-93.8501926230342,931
"932",0.435623225112664,0.574404938574113,-97.1017205883715,932
"933",0.436667701291654,0.576456723795548,-97.1291597118549,933
"934",0.468732185904232,0.465525985568914,-94.7087639527689,934
"935",0.441957848250073,0.50606402931943,-94.1990850933548,935
"936",0.476901357033827,0.534933621296517,-95.5280815757785,936
"937",0.434912197680168,0.511517209524835,-94.9168663302146,937
"938",0.450617244956816,0.491408770249106,-93.701036632689,938
"939",0.472368287663328,0.53607075045118,-95.1319023255031,939
"940",0.445392199355275,0.597073461200676,-97.8826786752839,940
"941",0.454001855593031,0.457930133911194,-94.4374386301979,941
"942",0.464068728654832,0.546647757937773,-95.0144936017469,942
"943",0.466942685111218,0.496593589254387,-94.0166391643685,943
"944",0.453639186123981,0.47054369487116,-93.9679045369032,944
"945",0.462296036799771,0.444120619860813,-95.4067598290294,945
"946",0.449144403365947,0.470587094971593,-94.0812108284322,946
"947",0.422278634042601,0.555287371512859,-97.7797998570292,947
"948",0.438479227876342,0.522742460168806,-94.759722330358,948
"949",0.461737856569995,0.493926774515419,-93.7468277913735,949
"950",0.446458817884409,0.478327913433064,-94.0222303078488,950
"951",0.462936888950213,0.467553440222235,-94.2379500847489,951
"952",0.476420376143812,0.495008894213749,-94.9155266030027,952
"953",0.456827310954687,0.456927754266134,-94.4866876575214,953
"954",0.469682419508045,0.524638947974827,-94.5862732573531,954
"955",0.466069137148821,0.498605231233982,-93.9640169501964,955
"956",0.44716411634745,0.583008186745918,-96.9097333910167,956
"957",0.455628934590064,0.445620306737379,-95.1286802182785,957
"958",0.453985456536939,0.486705654102812,-93.6678783349553,958
"959",0.449240509793932,0.509110796691665,-93.8396633984998,959
"960",0.473589409973105,0.533988865831525,-95.1718030960014,960
"961",0.455559739437777,0.466916409230903,-94.071429148049,961
"962",0.454746963426412,0.481556259407754,-93.7229192953196,962
"963",0.443174237231719,0.477097469219363,-94.2640718211653,963
"964",0.44916595924176,0.509371952376613,-93.8458656762791,964
"965",0.46579675307131,0.526060609637732,-94.3766679090727,965
"966",0.472251573133063,0.47342098009739,-94.7893209256665,966
"967",0.467871155129707,0.446759454570509,-95.6158634804052,967
"968",0.465412961136602,0.459666758828318,-94.6950116188499,968
"969",0.443955412646993,0.457954387555235,-94.8701724719239,969
"970",0.457200976021832,0.463090720883345,-94.221686467075,970
"971",0.474078931649472,0.453224007459584,-95.8886272577371,971
"972",0.47428686689375,0.450035981159816,-96.1150650807515,972
"973",0.471585843939903,0.542963007199748,-95.3132927762544,973
"974",0.437410570228988,0.478341552450833,-94.7788492688421,974
"975",0.475495304053792,0.499520487053059,-94.7955641655094,975
"976",0.458652421395476,0.531522685455356,-94.2927757409351,976
"977",0.452905390556265,0.487926710533983,-93.6706993904464,977
"978",0.44887504246986,0.496953798344239,-93.754277949483,978
"979",0.456888997602438,0.50538176866087,-93.6944203354336,979
"980",0.454279350120759,0.447077489863829,-95.0365211077242,980
"981",0.436635714648047,0.523934250962825,-94.9589980363668,981
"982",0.45551960344821,0.517719296258532,-93.8904977168819,982
"983",0.452881233112302,0.548557436149506,-94.9368648048454,983
"984",0.461617628642929,0.500465985482725,-93.7569280019695,984
"985",0.460550388397534,0.498374496885824,-93.7126632856375,985
"986",0.44508545320339,0.518751747791612,-94.1965322964273,986
"987",0.47157630698922,0.497939856643884,-94.3876081801097,987
"988",0.492844118758546,0.476260174592668,-98.230866493055,988
"989",0.44956499191506,0.498274466635515,-93.7334401602879,989
"990",0.472179431661663,0.491108265082981,-94.4688451471132,990
"991",0.438407756787273,0.484852530775589,-94.5524971270331,991
"992",0.462629499764954,0.478936626630879,-93.9282358611803,992
"993",0.432460962125275,0.487194928464514,-95.2346813837441,993
"994",0.454471700233784,0.527156832453724,-94.1342517747065,994
"995",0.477043516969589,0.492522775566765,-95.0092535296111,995
"996",0.475378499845269,0.509510397646351,-94.8354959893373,996
"997",0.47685937992447,0.460333590072144,-95.8812004490728,997
"998",0.451982280563662,0.477892975194928,-93.8191247050721,998
"999",0.447371819526196,0.477562044381772,-93.9893515365446,999
"1000",0.441994814581947,0.419314619103592,-98.2690464955991,1000
